Workbook

Sheet 안내
B1: 부품별 차폐·내방사선 입력 양식
B2: 소재 파트 → 경로계획(E) 파트 | 양식 v0.1 | 2026-10-01
B4: 목적 | C4: 로봇 부품 k마다 누적선량 D_k = S_k × ∫Ḋ(p_k(t)) dt 를 계산하고, 1회 작업 예산 B_k = TID_max,k / N_ex 와 비교한다. 이 표의 S_k, TID_max, 차폐재 질량이 계산에 그대로 들어간다.
B5: 작성할 칸 | C5: 노란 칸만 채운다. 회색 칸(ID, 부품, 위치)은 경로계획 쪽 정의이므로 바꾸지 말고, 바꿔야 하면 비고에 적어 달라.
B6: 투과율 S_k | C6: 차폐재·두께·μ/ρ·ρ 를 넣으면 S_k = exp(−(μ/ρ)·ρ·x) 가 자동 계산된다. 몬테카를로 등으로 따로 구한 값이 있으면 'S_k 직접입력'에 넣는다 (직접입력이 우선). 차폐가 없으면 비워 두면 1로 처리된다.
B7: μ/ρ 기준 에너지 | C7: 설정 시트의 '기준 감마 에너지'와 같은 에너지의 값을 쓴다. 이 에너지는 방사선 파트와 맞춘다.
B8: TID_max | C8: 부품이 기능을 유지하는 최대 누적 흡수선량 [Gy]. 매질은 설정 시트의 '선량 매질'(기본 Si). 근거(논문, 데이터시트, 시험 결과)를 반드시 적는다.
B9: 차폐재 질량 | C9: 해당 부품에 추가되는 차폐재 질량 [kg]. 경로계획 쪽 토크 계산에서 이 부품 위치의 점질량으로 더한다.
B10: N_ex | C10: 로봇 수명 동안 예상되는 베드 교체 횟수. 공정 파트와 협의해 설정 시트에 넣는다.
B11: 예시 행 | C11: 부품_입력 시트 5행은 형식을 보여주기 위한 예시이며 계산에 쓰이지 않는다.
B12: 부품 위치 | C12: 부품_위치도 시트 참고. 관절 구동부는 각 관절 축 중심 위치로 둔다.
B13: 회신 | C13: 채운 파일을 그대로 보내 주면 된다. 파일 이름은 component_inputs.xlsx 로 유지.
B15: 색 구분
B16: 입력 칸 | C16: 소재 파트가 채우는 칸
B17: 고정 칸 | C17: 경로계획 쪽 정의 (수정하지 않음)
B18: 계산 칸 | C18: 수식으로 자동 계산 (흰 바탕)

Sheet 부품_입력
A1: 부품별 차폐·내방사선 입력
A2: 노란 칸을 채운다. 5행은 예시(계산 제외). S_k = exp(−(μ/ρ)·ρ·x), B_k = TID_max / N_ex (N_ex는 설정 시트).
A4: ID | B4: 부품 | C4: 설명 | D4: 분류 | E4: 링크 (pybullet) | F4: 위치 (링크 좌표계, m) | G4: 차폐재 | H4: 두께 x (cm) | I4: μ/ρ (cm²/g) | J4: ρ (g/cm³) | K4: S_k 계산 (자동) | L4: S_k 직접입력 (선택) | M4: 적용 S_k (자동) | N4: 차폐재 질량 (kg) | O4: TID_max (Gy) | P4: 1회 예산 B_k (Gy, 자동) | Q4: 근거·출처 | R4: 비고
A5: 예시 | B5: 예: A6 구동부 | C5: 형식 예시. 계산에 쓰이지 않음 | D5: 구동부 | E5: 5 | F5: 0, 0, 0 | G5: Pb | H5: 1 | I5: 0.1614 | J5: 11.35 | K5: =IF(COUNT(H5:J5)=3,EXP(-I5*J5*H5),"") -> 0.16011067 | M5: =IF(ISNUMBER(L5),L5,IF(ISNUMBER(K5),K5,1)) -> 0.16011067 | N5: 2 | O5: 1000 | P5: =IF(AND(ISNUMBER(O5),ISNUMBER(설정!$C$4)),IF(설정!$C$4>0,O5/설정!$C$4,""),"") | Q5: 예시 값. μ/ρ는 NIST 납 0.5 MeV 값
A6: C01 | B6: A1 구동부 | C6: 모터, 브레이크, 엔코더, 관절 토크센서 | D6: 구동부 | E6: 0 | F6: 0, 0, 0 | K6: =IF(COUNT(H6:J6)=3,EXP(-I6*J6*H6),"") | M6: =IF(ISNUMBER(L6),L6,IF(ISNUMBER(K6),K6,1)) -> 1 | P6: =IF(AND(ISNUMBER(O6),ISNUMBER(설정!$C$4)),IF(설정!$C$4>0,O6/설정!$C$4,""),"")
A7: C02 | B7: A2 구동부 | C7: 모터, 브레이크, 엔코더, 관절 토크센서 | D7: 구동부 | E7: 1 | F7: 0, 0, 0 | K7: =IF(COUNT(H7:J7)=3,EXP(-I7*J7*H7),"") | M7: =IF(ISNUMBER(L7),L7,IF(ISNUMBER(K7),K7,1)) -> 1 | P7: =IF(AND(ISNUMBER(O7),ISNUMBER(설정!$C$4)),IF(설정!$C$4>0,O7/설정!$C$4,""),"")
A8: C03 | B8: A3 구동부 | C8: 모터, 브레이크, 엔코더, 관절 토크센서 | D8: 구동부 | E8: 2 | F8: 0, 0, 0 | K8: =IF(COUNT(H8:J8)=3,EXP(-I8*J8*H8),"") | M8: =IF(ISNUMBER(L8),L8,IF(ISNUMBER(K8),K8,1)) -> 1 | P8: =IF(AND(ISNUMBER(O8),ISNUMBER(설정!$C$4)),IF(설정!$C$4>0,O8/설정!$C$4,""),"")
A9: C04 | B9: A4 구동부 | C9: 모터, 브레이크, 엔코더, 관절 토크센서 | D9: 구동부 | E9: 3 | F9: 0, 0, 0 | K9: =IF(COUNT(H9:J9)=3,EXP(-I9*J9*H9),"") | M9: =IF(ISNUMBER(L9),L9,IF(ISNUMBER(K9),K9,1)) -> 1 | P9: =IF(AND(ISNUMBER(O9),ISNUMBER(설정!$C$4)),IF(설정!$C$4>0,O9/설정!$C$4,""),"")
A10: C05 | B10: A5 구동부 | C10: 모터, 브레이크, 엔코더, 관절 토크센서 | D10: 구동부 | E10: 4 | F10: 0, 0, 0 | K10: =IF(COUNT(H10:J10)=3,EXP(-I10*J10*H10),"") | M10: =IF(ISNUMBER(L10),L10,IF(ISNUMBER(K10),K10,1)) -> 1 | P10: =IF(AND(ISNUMBER(O10),ISNUMBER(설정!$C$4)),IF(설정!$C$4>0,O10/설정!$C$4,""),"")
A11: C06 | B11: A6 구동부 | C11: 모터, 브레이크, 엔코더, 관절 토크센서 | D11: 구동부 | E11: 5 | F11: 0, 0, 0 | K11: =IF(COUNT(H11:J11)=3,EXP(-I11*J11*H11),"") | M11: =IF(ISNUMBER(L11),L11,IF(ISNUMBER(K11),K11,1)) -> 1 | P11: =IF(AND(ISNUMBER(O11),ISNUMBER(설정!$C$4)),IF(설정!$C$4>0,O11/설정!$C$4,""),"")
A12: C07 | B12: A7 구동부 | C12: 모터, 브레이크, 엔코더, 관절 토크센서 | D12: 구동부 | E12: 6 | F12: 0, 0, 0 | K12: =IF(COUNT(H12:J12)=3,EXP(-I12*J12*H12),"") | M12: =IF(ISNUMBER(L12),L12,IF(ISNUMBER(K12),K12,1)) -> 1 | P12: =IF(AND(ISNUMBER(O12),ISNUMBER(설정!$C$4)),IF(설정!$C$4>0,O12/설정!$C$4,""),"")
A13: C08 | B13: 공구 구동부 | C13: 그리퍼·커플링 조작 액추에이터와 제어 보드 (플랜지 바로 앞) | D13: 공구 | E13: 6 | F13: 0, 0, 0.075 | K13: =IF(COUNT(H13:J13)=3,EXP(-I13*J13*H13),"") | M13: =IF(ISNUMBER(L13),L13,IF(ISNUMBER(K13),K13,1)) -> 1 | P13: =IF(AND(ISNUMBER(O13),ISNUMBER(설정!$C$4)),IF(설정!$C$4>0,O13/설정!$C$4,""),"")
A14: C09 | B14: 손목 카메라 | C14: 작업 확인용 카메라 (공구 옆면) | D14: 센서 | E14: 6 | F14: 0.06, 0, 0.1 | K14: =IF(COUNT(H14:J14)=3,EXP(-I14*J14*H14),"") | M14: =IF(ISNUMBER(L14),L14,IF(ISNUMBER(K14),K14,1)) -> 1 | P14: =IF(AND(ISNUMBER(O14),ISNUMBER(설정!$C$4)),IF(설정!$C$4>0,O14/설정!$C$4,""),"")
A15: C10 | B15: 베이스 커넥터부 | C15: 전원·통신 케이블 인터페이스 (베이스 뒤쪽) | D15: 베이스 | E15: -1 | F15: -0.08, 0, 0.08 | K15: =IF(COUNT(H15:J15)=3,EXP(-I15*J15*H15),"") | M15: =IF(ISNUMBER(L15),L15,IF(ISNUMBER(K15),K15,1)) -> 1 | P15: =IF(AND(ISNUMBER(O15),ISNUMBER(설정!$C$4)),IF(설정!$C$4>0,O15/설정!$C$4,""),"")

Sheet 설정
A1: 설정값
A3: 항목 | B3: 설명 | C3: 값 | D3: 단위 | E3: 담당
A4: N_ex | B4: 로봇 수명 동안 예상되는 베드 교체 횟수 | D4: 회 | E4: 공정·소재 협의
A5: 기준 감마 에너지 | B5: μ/ρ를 고를 때 쓰는 광자 에너지. 방사선 파트와 같은 값 | D5: MeV | E5: 방사선·소재
A6: 선량 매질 | B6: TID_max와 선량 격자의 흡수선량 기준 매질 | C6: Si | D6: - | E6: 소재

Sheet 부품_위치도
A1: 선량 평가점 위치
A2: 예시 자세에서 옆에서 본 모습. 실제 계산은 매 시점의 관절각으로 위치를 다시 구한다.
